{
  "Fitness_Tracking_App": {
    "name": "AI Fitness Tracker",
    "modules": [
      {
        "module_name": "fitness_tracking",
        "data": [
          {
            "day": "Monday",
            "exercise": "Running",
            "duration_minutes": 30,
            "calories_burned": 300,
            "steps": 8000
          },
          {
            "day": "Tuesday",
            "exercise": "Swimming",
            "duration_minutes": 45,
            "calories_burned": 400,
            "steps": 7500
          }
        ]
      },
      {
        "module_name": "nutrition_planning",
        "data": [
          {
            "day": "Monday",
            "meals": [
              {
                "name": "Breakfast",
                "food_item": "Oatmeal",
                "calories": 150
              },
              {
                "name": "Lunch",
                "food_item": "Grilled chicken salad",
                "calories": 350
              },
              {
                "name": "Dinner",
                "food_item": "Salmon with quinoa",
                "calories": 500
              }
            ]
          },
          {
            "day": "Tuesday",
            "meals": [
              {
                "name": "Breakfast",
                "food_item": "Scrambled eggs",
                "calories": 200
              },
              {
                "name": "Lunch",
                "food_item": "Veggie wrap",
                "calories": 300
              },
              {
                "name": "Dinner",
                "food_item": "Steak with potatoes",
                "calories": 600
              }
            ]
          }
        ]
      },
      {
        "module_name": "ai_personal_trainer",
        "data": [
          {
            "day": "Monday",
            "recommended_exercise": "Strength Training",
            "duration_minutes": 45,
            "calories_target": 350
          },
          {
            "day": "Tuesday",
            "recommended_exercise": "Yoga",
            "duration_minutes": 60,
            "calories_target": 280
          }
        ]
      },
      {
        "module_name": "dashboard",
        "data": {
          "days": [
            {
              "day": "Monday",
              "remaining_calories": 500,
              "progress_tracker": 25,
              "goals": {
                "weight_loss": 5,
                "step_goal": 10000
              }
            },
            {
              "day": "Tuesday",
              "remaining_calories": 600,
              "progress_tracker": 30,
              "goals": {
                "weight_loss": 5,
                "step_goal": 10000
              }
            }
          ]
        }
      }
    ]
  }
}